{
  "groups": [
    {
      "name": "fastdep.datasource",
      "type": "com.louislivi.fastdep.datasource.FastDepDataSourceProperties",
      "sourceType": "com.louislivi.fastdep.datasource.FastDepDataSourceProperties"
    }
  ],
  "properties": [
    {
      "name": "fastdep.datasource",
      "type": "java.util.Map<java.lang.String,com.louislivi.fastdep.datasource.FastDepDataSource$DataSource>",
      "sourceType": "com.louislivi.fastdep.datasource.FastDepDataSourceProperties"
    }
  ],
  "hints": []
}